<?xml version="1.0" encoding="UTF-8"?>
<project-private xmlns="http://www.netbeans.org/ns/project-private/1">
    <editor-bookmarks xmlns="http://www.netbeans.org/ns/editor-bookmarks/2" lastBookmarkId="0"/>
    <open-files xmlns="http://www.netbeans.org/ns/projectui-open-files/2">
        <group>
            <file>file:/C:/Users/HP/Documents/NetBeansProjects/lockWise/src/java/com/lockwise/services/user_signup.java</file>
            <file>file:/C:/Users/HP/Documents/NetBeansProjects/lockWise/web/authenticate_user.jsp</file>
            <file>file:/C:/Users/HP/Documents/NetBeansProjects/lockWise/web/dashboard.jsp</file>
            <file>file:/C:/Users/HP/Documents/NetBeansProjects/lockWise/web/navstyle.css</file>
        </group>
    </open-files>
</project-private>
